size,threads,mode,processingTimeMs,duplicatesFound
1000,1,platform,362,50180
1000,2,platform,288,50180
1000,4,platform,176,50180
1000,8,platform,106,50180
1000,8,virtual,118,50180
2000,1,platform,1494,200108
2000,2,platform,1137,200108
2000,4,platform,682,200108
2000,8,platform,408,200108
2000,8,virtual,395,200108
4000,1,platform,5842,798803
4000,2,platform,4590,798803
4000,4,platform,2625,798803
4000,8,platform,1575,798803
4000,8,virtual,1567,798803
8000,1,platform,23017,3198218
8000,2,platform,17486,3198218
8000,4,platform,10737,3198218
8000,8,platform,6194,3198218
8000,8,virtual,6343,3198218
